Actual,DummyRegressor_Pred,RandomForestRegressor_Pred
65,67.2151371807001,64.64
65,67.2151371807001,66.4
71,67.2151371807001,70.51
64,67.2151371807001,65.89
66,67.2151371807001,66.2
66,67.2151371807001,66.52
72,67.2151371807001,71.48
66,67.2151371807001,67.05
70,67.2151371807001,69.47
70,67.2151371807001,69.75
66,67.2151371807001,66.13
72,67.2151371807001,71.28
66,67.2151371807001,66.71
64,67.2151371807001,64.97
65,67.2151371807001,64.28
63,67.2151371807001,64.27
63,67.2151371807001,63.97
74,67.2151371807001,73.03
66,67.2151371807001,66.85
69,67.2151371807001,66.81
67,67.2151371807001,65.41
70,67.2151371807001,69.92
62,67.2151371807001,62.37
63,67.2151371807001,64.6
66,67.2151371807001,65.24
74,67.2151371807001,73.28
70,67.2151371807001,69.18
71,67.2151371807001,69.61
89,67.2151371807001,62.91
71,67.2151371807001,72.29
70,67.2151371807001,69.98
65,67.2151371807001,65.55
67,67.2151371807001,68.47
55,67.2151371807001,58.47
64,67.2151371807001,65.89
67,67.2151371807001,67.63
71,67.2151371807001,69.31
71,67.2151371807001,70.23
66,67.2151371807001,68.23
69,67.2151371807001,69.92
63,67.2151371807001,63.34
65,67.2151371807001,65.31
66,67.2151371807001,65.95
64,67.2151371807001,67.01
65,67.2151371807001,64.55
67,67.2151371807001,68.01
64,67.2151371807001,64.91
70,67.2151371807001,69.95
67,67.2151371807001,68.13
73,67.2151371807001,70.99
62,67.2151371807001,65.21
67,67.2151371807001,66.35
61,67.2151371807001,61.61
69,67.2151371807001,69.04
69,67.2151371807001,68.57
60,67.2151371807001,64.86
63,67.2151371807001,63.18
68,67.2151371807001,70.33
66,67.2151371807001,66.16
70,67.2151371807001,70.15
72,67.2151371807001,71.96
72,67.2151371807001,72.23
67,67.2151371807001,66.94
67,67.2151371807001,66.63
61,67.2151371807001,63.34
65,67.2151371807001,65.29
75,67.2151371807001,71.94
65,67.2151371807001,67.0
67,67.2151371807001,66.18
70,67.2151371807001,69.69
62,67.2151371807001,62.52
67,67.2151371807001,67.69
65,67.2151371807001,65.32
70,67.2151371807001,70.95
73,67.2151371807001,71.94
64,67.2151371807001,65.92
64,67.2151371807001,63.78
67,67.2151371807001,67.19
64,67.2151371807001,63.17
69,67.2151371807001,68.39
62,67.2151371807001,63.96
66,67.2151371807001,66.99
73,67.2151371807001,72.52
71,67.2151371807001,69.59
70,67.2151371807001,68.9
60,67.2151371807001,61.19
62,67.2151371807001,63.11
70,67.2151371807001,69.77
73,67.2151371807001,73.03
66,67.2151371807001,67.45
68,67.2151371807001,67.97
63,67.2151371807001,63.27
71,67.2151371807001,71.58
72,67.2151371807001,74.03
64,67.2151371807001,65.27
67,67.2151371807001,69.29
70,67.2151371807001,69.89
69,67.2151371807001,69.55
67,67.2151371807001,66.68
67,67.2151371807001,67.97
75,67.2151371807001,76.86
71,67.2151371807001,68.27
69,67.2151371807001,67.55
69,67.2151371807001,71.66
69,67.2151371807001,67.85
67,67.2151371807001,67.37
68,67.2151371807001,69.43
75,67.2151371807001,71.56
72,67.2151371807001,71.8
69,67.2151371807001,68.18
62,67.2151371807001,62.24
64,67.2151371807001,63.18
68,67.2151371807001,67.63
63,67.2151371807001,63.6
72,67.2151371807001,70.6
69,67.2151371807001,68.59
66,67.2151371807001,65.57
65,67.2151371807001,66.31
71,67.2151371807001,69.87
62,67.2151371807001,63.53
71,67.2151371807001,70.01
67,67.2151371807001,65.88
66,67.2151371807001,65.69
62,67.2151371807001,63.44
75,67.2151371807001,75.65
71,67.2151371807001,70.77
62,67.2151371807001,63.13
67,67.2151371807001,67.65
71,67.2151371807001,71.23
71,67.2151371807001,71.48
74,67.2151371807001,73.29
66,67.2151371807001,67.6
70,67.2151371807001,70.31
67,67.2151371807001,65.04
64,67.2151371807001,64.37
69,67.2151371807001,68.91
71,67.2151371807001,70.75
62,67.2151371807001,62.8
65,67.2151371807001,65.04
72,67.2151371807001,71.3
68,67.2151371807001,67.07
65,67.2151371807001,66.4
65,67.2151371807001,64.8
67,67.2151371807001,68.44
69,67.2151371807001,67.79
63,67.2151371807001,64.55
66,67.2151371807001,66.85
68,67.2151371807001,66.85
65,67.2151371807001,65.43
59,67.2151371807001,60.43
66,67.2151371807001,64.97
65,67.2151371807001,65.38
67,67.2151371807001,68.36
62,67.2151371807001,63.25
71,67.2151371807001,70.85
65,67.2151371807001,64.7
68,67.2151371807001,67.08
62,67.2151371807001,62.92
72,67.2151371807001,71.46
65,67.2151371807001,65.32
69,67.2151371807001,68.2
64,67.2151371807001,65.11
63,67.2151371807001,63.4
63,67.2151371807001,63.22
63,67.2151371807001,64.02
69,67.2151371807001,67.9
66,67.2151371807001,66.79
70,67.2151371807001,71.09
70,67.2151371807001,68.37
71,67.2151371807001,70.33
59,67.2151371807001,59.98
67,67.2151371807001,66.82
68,67.2151371807001,68.48
67,67.2151371807001,66.02
66,67.2151371807001,65.33
65,67.2151371807001,64.81
65,67.2151371807001,68.14
62,67.2151371807001,64.07
69,67.2151371807001,68.64
67,67.2151371807001,66.04
68,67.2151371807001,66.68
65,67.2151371807001,65.39
67,67.2151371807001,67.69
65,67.2151371807001,65.37
69,67.2151371807001,68.6
68,67.2151371807001,67.24
61,67.2151371807001,62.68
68,67.2151371807001,69.0
73,67.2151371807001,71.45
68,67.2151371807001,66.78
59,67.2151371807001,61.02
69,67.2151371807001,68.73
67,67.2151371807001,67.14
63,67.2151371807001,63.46
61,67.2151371807001,62.0
69,67.2151371807001,67.49
66,67.2151371807001,67.85
63,67.2151371807001,62.75
71,67.2151371807001,69.98
70,67.2151371807001,70.71
65,67.2151371807001,67.08
67,67.2151371807001,66.07
65,67.2151371807001,63.1
67,67.2151371807001,67.33
68,67.2151371807001,67.71
68,67.2151371807001,68.3
62,67.2151371807001,63.44
71,67.2151371807001,71.05
69,67.2151371807001,69.11
70,67.2151371807001,68.78
72,67.2151371807001,71.05
58,67.2151371807001,60.59
65,67.2151371807001,64.8
75,67.2151371807001,75.12
68,67.2151371807001,66.62
62,67.2151371807001,62.4
74,67.2151371807001,72.56
67,67.2151371807001,67.02
68,67.2151371807001,68.48
68,67.2151371807001,67.47
65,67.2151371807001,65.5
72,67.2151371807001,71.13
66,67.2151371807001,66.28
68,67.2151371807001,69.69
70,67.2151371807001,67.73
68,67.2151371807001,67.43
60,67.2151371807001,62.31
72,67.2151371807001,70.81
61,67.2151371807001,61.09
67,67.2151371807001,69.82
62,67.2151371807001,63.7
69,67.2151371807001,67.26
64,67.2151371807001,64.71
67,67.2151371807001,67.52
75,67.2151371807001,74.25
71,67.2151371807001,71.1
67,67.2151371807001,65.38
70,67.2151371807001,69.86
75,67.2151371807001,74.17
66,67.2151371807001,68.06
64,67.2151371807001,65.27
64,67.2151371807001,63.86
68,67.2151371807001,68.67
65,67.2151371807001,64.19
63,67.2151371807001,64.1
63,67.2151371807001,63.23
67,67.2151371807001,69.83
66,67.2151371807001,67.61
68,67.2151371807001,75.59
68,67.2151371807001,68.93
70,67.2151371807001,74.06
70,67.2151371807001,71.2
64,67.2151371807001,64.64
68,67.2151371807001,67.6
67,67.2151371807001,67.64
66,67.2151371807001,68.08
70,67.2151371807001,70.69
66,67.2151371807001,67.86
73,67.2151371807001,71.44
64,67.2151371807001,67.46
73,67.2151371807001,72.59
68,67.2151371807001,67.59
61,67.2151371807001,63.92
66,67.2151371807001,66.89
65,67.2151371807001,66.49
65,67.2151371807001,64.3
66,67.2151371807001,66.29
69,67.2151371807001,67.71
66,67.2151371807001,68.94
65,67.2151371807001,67.76
67,67.2151371807001,66.39
71,67.2151371807001,70.5
70,67.2151371807001,70.15
68,67.2151371807001,66.87
61,67.2151371807001,64.17
68,67.2151371807001,68.88
64,67.2151371807001,62.63
68,67.2151371807001,69.24
71,67.2151371807001,70.14
68,67.2151371807001,66.79
63,67.2151371807001,64.63
68,67.2151371807001,69.38
70,67.2151371807001,69.9
72,67.2151371807001,74.31
63,67.2151371807001,64.35
62,67.2151371807001,63.95
64,67.2151371807001,65.09
62,67.2151371807001,63.37
66,67.2151371807001,66.43
66,67.2151371807001,66.16
67,67.2151371807001,66.37
65,67.2151371807001,64.45
66,67.2151371807001,67.2
67,67.2151371807001,67.21
65,67.2151371807001,64.37
68,67.2151371807001,70.27
74,67.2151371807001,73.75
65,67.2151371807001,65.18
66,67.2151371807001,66.22
65,67.2151371807001,65.88
73,67.2151371807001,71.1
65,67.2151371807001,64.89
70,67.2151371807001,70.66
67,67.2151371807001,68.65
68,67.2151371807001,68.1
68,67.2151371807001,68.61
69,67.2151371807001,70.05
71,67.2151371807001,68.53
70,67.2151371807001,68.86
70,67.2151371807001,71.74
64,67.2151371807001,65.53
68,67.2151371807001,68.35
66,67.2151371807001,65.28
65,67.2151371807001,66.01
68,67.2151371807001,67.36
65,67.2151371807001,67.14
65,67.2151371807001,64.07
71,67.2151371807001,69.35
69,67.2151371807001,68.02
67,67.2151371807001,68.44
72,67.2151371807001,70.31
66,67.2151371807001,67.9
67,67.2151371807001,65.28
66,67.2151371807001,67.92
71,67.2151371807001,70.07
68,67.2151371807001,67.61
67,67.2151371807001,67.22
68,67.2151371807001,68.56
66,67.2151371807001,66.68
66,67.2151371807001,66.57
65,67.2151371807001,66.27
68,67.2151371807001,67.0
67,67.2151371807001,68.18
70,67.2151371807001,69.7
73,67.2151371807001,71.23
64,67.2151371807001,64.5
65,67.2151371807001,64.44
69,67.2151371807001,69.98
67,67.2151371807001,66.96
65,67.2151371807001,65.6
67,67.2151371807001,68.45
67,67.2151371807001,66.88
63,67.2151371807001,62.18
66,67.2151371807001,64.94
72,67.2151371807001,71.52
63,67.2151371807001,63.99
71,67.2151371807001,79.0
68,67.2151371807001,68.43
63,67.2151371807001,64.27
70,67.2151371807001,71.31
65,67.2151371807001,64.34
63,67.2151371807001,64.27
65,67.2151371807001,65.78
62,67.2151371807001,62.37
69,67.2151371807001,69.58
72,67.2151371807001,70.86
64,67.2151371807001,65.58
69,67.2151371807001,69.48
63,67.2151371807001,63.97
65,67.2151371807001,67.09
69,67.2151371807001,67.98
68,67.2151371807001,68.08
64,67.2151371807001,65.72
65,67.2151371807001,65.09
72,67.2151371807001,72.91
65,67.2151371807001,65.29
66,67.2151371807001,65.13
70,67.2151371807001,68.8
73,67.2151371807001,71.92
73,67.2151371807001,71.52
70,67.2151371807001,72.42
67,67.2151371807001,69.28
64,67.2151371807001,64.53
70,67.2151371807001,69.48
73,67.2151371807001,73.15
64,67.2151371807001,64.37
70,67.2151371807001,70.56
70,67.2151371807001,67.94
64,67.2151371807001,64.5
72,67.2151371807001,71.38
68,67.2151371807001,66.69
64,67.2151371807001,64.25
67,67.2151371807001,66.89
66,67.2151371807001,65.43
66,67.2151371807001,66.1
69,67.2151371807001,67.21
66,67.2151371807001,67.35
64,67.2151371807001,63.73
64,67.2151371807001,64.53
64,67.2151371807001,63.44
64,67.2151371807001,64.3
67,67.2151371807001,67.1
68,67.2151371807001,69.55
72,67.2151371807001,70.67
65,67.2151371807001,65.48
66,67.2151371807001,66.18
67,67.2151371807001,68.06
66,67.2151371807001,66.64
71,67.2151371807001,72.99
70,67.2151371807001,69.39
71,67.2151371807001,71.97
61,67.2151371807001,64.8
65,67.2151371807001,67.62
66,67.2151371807001,65.35
72,67.2151371807001,70.65
74,67.2151371807001,73.48
69,67.2151371807001,68.96
67,67.2151371807001,67.72
68,67.2151371807001,67.97
72,67.2151371807001,72.53
69,67.2151371807001,68.02
68,67.2151371807001,66.96
65,67.2151371807001,65.83
65,67.2151371807001,65.03
74,67.2151371807001,77.52
75,67.2151371807001,73.71
70,67.2151371807001,69.69
69,67.2151371807001,69.42
74,67.2151371807001,75.05
66,67.2151371807001,66.42
62,67.2151371807001,63.23
64,67.2151371807001,65.32
67,67.2151371807001,66.27
64,67.2151371807001,65.44
66,67.2151371807001,65.56
65,67.2151371807001,65.74
65,67.2151371807001,65.27
68,67.2151371807001,67.57
66,67.2151371807001,66.51
65,67.2151371807001,65.7
69,67.2151371807001,70.44
68,67.2151371807001,68.24
66,67.2151371807001,66.63
75,67.2151371807001,75.97
67,67.2151371807001,68.05
68,67.2151371807001,68.42
70,67.2151371807001,69.88
66,67.2151371807001,67.23
68,67.2151371807001,65.11
70,67.2151371807001,68.6
69,67.2151371807001,68.66
65,67.2151371807001,68.14
67,67.2151371807001,66.58
68,67.2151371807001,70.07
69,67.2151371807001,69.33
66,67.2151371807001,67.66
65,67.2151371807001,64.71
66,67.2151371807001,64.58
65,67.2151371807001,65.26
67,67.2151371807001,65.12
65,67.2151371807001,65.63
63,67.2151371807001,64.86
60,67.2151371807001,63.63
66,67.2151371807001,65.86
70,67.2151371807001,70.82
72,67.2151371807001,72.52
70,67.2151371807001,69.93
60,67.2151371807001,60.67
69,67.2151371807001,68.38
69,67.2151371807001,70.4
67,67.2151371807001,65.83
60,67.2151371807001,61.61
71,67.2151371807001,71.38
66,67.2151371807001,66.15
66,67.2151371807001,66.01
64,67.2151371807001,65.36
64,67.2151371807001,63.98
72,67.2151371807001,74.59
63,67.2151371807001,63.3
72,67.2151371807001,71.56
66,67.2151371807001,63.9
69,67.2151371807001,69.33
72,67.2151371807001,72.84
66,67.2151371807001,65.85
67,67.2151371807001,66.44
65,67.2151371807001,66.04
67,67.2151371807001,67.0
67,67.2151371807001,69.53
70,67.2151371807001,70.05
68,67.2151371807001,67.18
88,67.2151371807001,68.08
69,67.2151371807001,70.14
75,67.2151371807001,73.96
72,67.2151371807001,73.24
67,67.2151371807001,66.68
74,67.2151371807001,73.26
63,67.2151371807001,63.78
70,67.2151371807001,69.04
62,67.2151371807001,63.07
64,67.2151371807001,65.31
65,67.2151371807001,64.6
72,67.2151371807001,70.9
73,67.2151371807001,73.37
57,67.2151371807001,60.99
69,67.2151371807001,67.77
72,67.2151371807001,72.28
64,67.2151371807001,65.1
70,67.2151371807001,69.44
64,67.2151371807001,62.83
69,67.2151371807001,68.94
70,67.2151371807001,69.86
65,67.2151371807001,66.24
65,67.2151371807001,65.59
70,67.2151371807001,71.79
75,67.2151371807001,72.96
72,67.2151371807001,72.11
73,67.2151371807001,74.13
70,67.2151371807001,71.32
65,67.2151371807001,65.33
68,67.2151371807001,67.39
65,67.2151371807001,65.31
73,67.2151371807001,72.13
58,67.2151371807001,60.43
70,67.2151371807001,69.99
72,67.2151371807001,71.57
65,67.2151371807001,66.95
62,67.2151371807001,63.77
65,67.2151371807001,66.1
71,67.2151371807001,70.45
64,67.2151371807001,65.31
69,67.2151371807001,69.93
65,67.2151371807001,65.51
66,67.2151371807001,65.22
67,67.2151371807001,67.04
71,67.2151371807001,71.64
61,67.2151371807001,62.79
68,67.2151371807001,68.11
62,67.2151371807001,63.38
66,67.2151371807001,63.45
63,67.2151371807001,62.37
61,67.2151371807001,61.46
63,67.2151371807001,63.91
73,67.2151371807001,71.36
70,67.2151371807001,70.35
63,67.2151371807001,65.37
68,67.2151371807001,68.27
68,67.2151371807001,66.47
71,67.2151371807001,71.54
60,67.2151371807001,60.76
69,67.2151371807001,68.86
63,67.2151371807001,62.05
66,67.2151371807001,67.19
70,67.2151371807001,70.15
63,67.2151371807001,63.24
65,67.2151371807001,65.32
67,67.2151371807001,65.46
68,67.2151371807001,66.33
66,67.2151371807001,64.83
62,67.2151371807001,64.69
63,67.2151371807001,65.18
67,67.2151371807001,67.06
66,67.2151371807001,66.77
67,67.2151371807001,66.46
65,67.2151371807001,65.28
66,67.2151371807001,66.75
66,67.2151371807001,65.5
66,67.2151371807001,65.67
63,67.2151371807001,65.63
61,67.2151371807001,61.34
66,67.2151371807001,67.88
69,67.2151371807001,69.82
63,67.2151371807001,63.72
63,67.2151371807001,64.27
65,67.2151371807001,64.69
62,67.2151371807001,63.52
68,67.2151371807001,66.71
65,67.2151371807001,65.54
69,67.2151371807001,69.91
70,67.2151371807001,70.83
69,67.2151371807001,68.4
64,67.2151371807001,63.46
67,67.2151371807001,68.85
71,67.2151371807001,71.41
74,67.2151371807001,72.83
71,67.2151371807001,70.98
68,67.2151371807001,68.5
75,67.2151371807001,73.31
68,67.2151371807001,68.73
70,67.2151371807001,68.17
67,67.2151371807001,66.31
61,67.2151371807001,63.22
69,67.2151371807001,71.19
65,67.2151371807001,64.34
65,67.2151371807001,65.65
65,67.2151371807001,65.77
71,67.2151371807001,69.45
70,67.2151371807001,68.68
68,67.2151371807001,68.73
70,67.2151371807001,69.58
69,67.2151371807001,70.4
62,67.2151371807001,64.18
62,67.2151371807001,63.18
69,67.2151371807001,68.66
66,67.2151371807001,64.41
64,67.2151371807001,64.31
69,67.2151371807001,69.02
62,67.2151371807001,61.99
66,67.2151371807001,67.65
62,67.2151371807001,62.43
65,67.2151371807001,64.94
75,67.2151371807001,74.04
66,67.2151371807001,64.84
66,67.2151371807001,65.48
74,67.2151371807001,73.45
63,67.2151371807001,63.9
61,67.2151371807001,61.83
68,67.2151371807001,68.4
70,67.2151371807001,70.93
67,67.2151371807001,67.76
70,67.2151371807001,69.18
66,67.2151371807001,65.66
65,67.2151371807001,65.53
68,67.2151371807001,67.64
71,67.2151371807001,70.37
68,67.2151371807001,69.08
74,67.2151371807001,71.89
67,67.2151371807001,66.83
66,67.2151371807001,66.25
63,67.2151371807001,62.96
66,67.2151371807001,65.65
69,67.2151371807001,67.88
65,67.2151371807001,64.58
70,67.2151371807001,68.11
68,67.2151371807001,67.85
66,67.2151371807001,66.88
62,67.2151371807001,64.27
69,67.2151371807001,69.47
64,67.2151371807001,63.83
68,67.2151371807001,69.58
71,67.2151371807001,71.33
71,67.2151371807001,70.24
63,67.2151371807001,63.86
68,67.2151371807001,68.22
64,67.2151371807001,64.22
66,67.2151371807001,64.68
70,67.2151371807001,69.68
68,67.2151371807001,69.3
71,67.2151371807001,70.74
64,67.2151371807001,62.67
69,67.2151371807001,69.07
64,67.2151371807001,63.52
69,67.2151371807001,68.69
69,67.2151371807001,68.19
69,67.2151371807001,68.84
65,67.2151371807001,65.69
62,67.2151371807001,63.16
65,67.2151371807001,64.11
72,67.2151371807001,71.04
73,67.2151371807001,72.96
71,67.2151371807001,71.67
65,67.2151371807001,64.06
69,67.2151371807001,67.6
73,67.2151371807001,71.88
68,67.2151371807001,67.89
63,67.2151371807001,65.53
63,67.2151371807001,64.0
73,67.2151371807001,71.13
65,67.2151371807001,65.3
63,67.2151371807001,64.97
68,67.2151371807001,66.43
75,67.2151371807001,72.24
67,67.2151371807001,68.36
67,67.2151371807001,68.16
67,67.2151371807001,65.61
69,67.2151371807001,67.66
71,67.2151371807001,71.42
67,67.2151371807001,67.3
70,67.2151371807001,70.25
69,67.2151371807001,69.59
68,67.2151371807001,68.01
60,67.2151371807001,62.31
62,67.2151371807001,63.23
69,67.2151371807001,68.49
74,67.2151371807001,73.37
67,67.2151371807001,67.56
68,67.2151371807001,66.95
64,67.2151371807001,63.57
62,67.2151371807001,65.2
73,67.2151371807001,71.75
63,67.2151371807001,63.85
67,67.2151371807001,66.96
61,67.2151371807001,61.81
69,67.2151371807001,68.14
63,67.2151371807001,64.17
65,67.2151371807001,67.23
66,67.2151371807001,67.95
63,67.2151371807001,64.35
67,67.2151371807001,67.44
64,67.2151371807001,64.23
70,67.2151371807001,68.9
66,67.2151371807001,66.27
70,67.2151371807001,69.91
72,67.2151371807001,72.03
68,67.2151371807001,69.75
65,67.2151371807001,66.84
65,67.2151371807001,66.59
70,67.2151371807001,71.42
62,67.2151371807001,62.59
61,67.2151371807001,61.25
70,67.2151371807001,70.31
70,67.2151371807001,71.66
64,67.2151371807001,67.68
68,67.2151371807001,67.59
66,67.2151371807001,65.21
98,67.2151371807001,71.38
74,67.2151371807001,75.05
65,67.2151371807001,66.24
64,67.2151371807001,64.89
69,67.2151371807001,69.29
69,67.2151371807001,70.42
67,67.2151371807001,67.04
69,67.2151371807001,70.11
70,67.2151371807001,69.47
75,67.2151371807001,74.2
71,67.2151371807001,71.14
72,67.2151371807001,72.1
62,67.2151371807001,64.01
71,67.2151371807001,71.54
68,67.2151371807001,69.45
70,67.2151371807001,69.66
72,67.2151371807001,71.03
97,67.2151371807001,72.19
65,67.2151371807001,63.5
67,67.2151371807001,67.28
65,67.2151371807001,65.67
70,67.2151371807001,70.31
68,67.2151371807001,67.42
69,67.2151371807001,67.47
67,67.2151371807001,66.89
67,67.2151371807001,67.48
72,67.2151371807001,72.89
67,67.2151371807001,69.2
65,67.2151371807001,65.46
66,67.2151371807001,65.34
62,67.2151371807001,61.62
73,67.2151371807001,71.29
68,67.2151371807001,67.78
72,67.2151371807001,72.24
62,67.2151371807001,63.12
62,67.2151371807001,64.18
73,67.2151371807001,72.64
69,67.2151371807001,68.68
68,67.2151371807001,67.44
67,67.2151371807001,68.11
67,67.2151371807001,69.82
65,67.2151371807001,64.55
69,67.2151371807001,70.28
62,67.2151371807001,67.17
69,67.2151371807001,69.16
64,67.2151371807001,64.93
75,67.2151371807001,74.61
70,67.2151371807001,70.24
72,67.2151371807001,73.03
70,67.2151371807001,69.25
65,67.2151371807001,66.61
66,67.2151371807001,66.7
68,67.2151371807001,72.43
70,67.2151371807001,73.19
67,67.2151371807001,69.42
69,67.2151371807001,68.87
62,67.2151371807001,62.74
60,67.2151371807001,60.94
65,67.2151371807001,65.73
66,67.2151371807001,66.67
65,67.2151371807001,64.72
64,67.2151371807001,64.04
71,67.2151371807001,72.05
71,67.2151371807001,70.38
68,67.2151371807001,69.19
65,67.2151371807001,65.69
71,67.2151371807001,70.72
61,67.2151371807001,61.07
66,67.2151371807001,65.44
68,67.2151371807001,68.17
66,67.2151371807001,66.83
67,67.2151371807001,67.22
70,67.2151371807001,69.44
65,67.2151371807001,65.59
69,67.2151371807001,69.12
65,67.2151371807001,65.67
69,67.2151371807001,68.67
69,67.2151371807001,68.98
67,67.2151371807001,67.19
72,67.2151371807001,76.86
72,67.2151371807001,71.77
69,67.2151371807001,70.68
66,67.2151371807001,66.92
67,67.2151371807001,67.69
66,67.2151371807001,67.01
65,67.2151371807001,65.24
71,67.2151371807001,71.16
68,67.2151371807001,68.67
66,67.2151371807001,66.11
73,67.2151371807001,72.04
64,67.2151371807001,65.36
69,67.2151371807001,78.0
67,67.2151371807001,67.88
69,67.2151371807001,67.93
63,67.2151371807001,62.25
64,67.2151371807001,64.91
66,67.2151371807001,65.63
65,67.2151371807001,66.49
65,67.2151371807001,63.37
68,67.2151371807001,68.6
69,67.2151371807001,68.63
65,67.2151371807001,66.81
64,67.2151371807001,64.46
65,67.2151371807001,64.97
75,67.2151371807001,72.25
66,67.2151371807001,64.12
67,67.2151371807001,67.66
68,67.2151371807001,67.92
63,67.2151371807001,64.99
68,67.2151371807001,69.65
57,67.2151371807001,59.52
68,67.2151371807001,67.6
66,67.2151371807001,63.52
68,67.2151371807001,67.39
72,67.2151371807001,71.17
65,67.2151371807001,66.41
64,67.2151371807001,64.96
63,67.2151371807001,63.93
73,67.2151371807001,73.51
68,67.2151371807001,67.64
67,67.2151371807001,66.2
71,67.2151371807001,71.19
69,67.2151371807001,68.67
67,67.2151371807001,69.57
64,67.2151371807001,63.99
68,67.2151371807001,68.61
67,67.2151371807001,67.83
72,67.2151371807001,71.84
66,67.2151371807001,66.87
65,67.2151371807001,65.17
71,67.2151371807001,71.12
67,67.2151371807001,68.27
65,67.2151371807001,63.69
68,67.2151371807001,68.69
67,67.2151371807001,65.51
69,67.2151371807001,69.69
65,67.2151371807001,65.9
72,67.2151371807001,70.38
69,67.2151371807001,68.77
62,67.2151371807001,64.8
67,67.2151371807001,67.73
70,67.2151371807001,69.36
70,67.2151371807001,70.29
64,67.2151371807001,64.56
65,67.2151371807001,67.44
71,67.2151371807001,71.08
71,67.2151371807001,70.62
70,67.2151371807001,70.41
70,67.2151371807001,71.82
66,67.2151371807001,66.19
65,67.2151371807001,65.25
68,67.2151371807001,67.71
64,67.2151371807001,63.69
63,67.2151371807001,65.07
69,67.2151371807001,70.36
69,67.2151371807001,70.77
66,67.2151371807001,66.89
70,67.2151371807001,70.48
72,67.2151371807001,72.46
64,67.2151371807001,64.03
68,67.2151371807001,68.96
62,67.2151371807001,62.49
65,67.2151371807001,66.21
71,67.2151371807001,70.61
68,67.2151371807001,69.37
69,67.2151371807001,68.53
68,67.2151371807001,69.26
67,67.2151371807001,67.66
66,67.2151371807001,65.51
67,67.2151371807001,66.44
66,67.2151371807001,65.25
61,67.2151371807001,62.44
67,67.2151371807001,66.11
59,67.2151371807001,60.97
64,67.2151371807001,65.37
68,67.2151371807001,67.71
68,67.2151371807001,65.91
70,67.2151371807001,69.62
67,67.2151371807001,66.76
70,67.2151371807001,69.65
64,67.2151371807001,65.05
60,67.2151371807001,61.89
65,67.2151371807001,66.05
71,67.2151371807001,68.27
68,67.2151371807001,68.09
71,67.2151371807001,69.35
66,67.2151371807001,64.96
63,67.2151371807001,63.59
65,67.2151371807001,63.54
71,67.2151371807001,71.5
65,67.2151371807001,64.82
68,67.2151371807001,67.53
65,67.2151371807001,64.27
65,67.2151371807001,64.65
63,67.2151371807001,62.56
68,67.2151371807001,66.72
69,67.2151371807001,70.36
63,67.2151371807001,62.53
69,67.2151371807001,70.13
70,67.2151371807001,69.77
69,67.2151371807001,68.31
67,67.2151371807001,67.6
66,67.2151371807001,65.98
72,67.2151371807001,71.82
68,67.2151371807001,69.36
71,67.2151371807001,70.56
64,67.2151371807001,65.0
63,67.2151371807001,64.29
71,67.2151371807001,70.4
65,67.2151371807001,67.14
67,67.2151371807001,66.97
67,67.2151371807001,68.76
68,67.2151371807001,68.56
66,67.2151371807001,65.91
71,67.2151371807001,69.11
70,67.2151371807001,68.61
60,67.2151371807001,63.21
67,67.2151371807001,66.93
66,67.2151371807001,66.59
67,67.2151371807001,66.85
68,67.2151371807001,69.36
63,67.2151371807001,62.49
68,67.2151371807001,67.98
64,67.2151371807001,67.44
68,67.2151371807001,67.68
70,67.2151371807001,72.7
77,67.2151371807001,74.25
70,67.2151371807001,69.94
66,67.2151371807001,65.37
70,67.2151371807001,68.81
63,67.2151371807001,62.69
69,67.2151371807001,67.08
63,67.2151371807001,62.59
68,67.2151371807001,66.89
68,67.2151371807001,67.07
71,67.2151371807001,70.48
62,67.2151371807001,61.17
64,67.2151371807001,64.06
67,67.2151371807001,66.96
71,67.2151371807001,70.88
67,67.2151371807001,67.64
80,67.2151371807001,63.71
71,67.2151371807001,71.11
68,67.2151371807001,69.48
70,67.2151371807001,69.36
65,67.2151371807001,65.33
63,67.2151371807001,62.89
63,67.2151371807001,65.43
66,67.2151371807001,65.79
69,67.2151371807001,68.33
66,67.2151371807001,67.45
72,67.2151371807001,71.1
65,67.2151371807001,64.68
69,67.2151371807001,68.37
70,67.2151371807001,69.16
66,67.2151371807001,66.27
67,67.2151371807001,66.05
65,67.2151371807001,64.44
67,67.2151371807001,66.33
60,67.2151371807001,63.55
69,67.2151371807001,68.07
65,67.2151371807001,66.61
69,67.2151371807001,70.34
67,67.2151371807001,67.49
72,67.2151371807001,71.98
74,67.2151371807001,74.14
71,67.2151371807001,68.8
68,67.2151371807001,69.43
71,67.2151371807001,70.47
67,67.2151371807001,66.68
67,67.2151371807001,67.06
72,67.2151371807001,71.23
65,67.2151371807001,64.95
67,67.2151371807001,66.11
69,67.2151371807001,68.85
66,67.2151371807001,67.97
69,67.2151371807001,68.91
71,67.2151371807001,70.18
67,67.2151371807001,65.91
67,67.2151371807001,66.1
68,67.2151371807001,67.49
62,67.2151371807001,62.27
65,67.2151371807001,64.94
72,67.2151371807001,70.58
69,67.2151371807001,68.31
70,67.2151371807001,69.87
61,67.2151371807001,62.23
69,67.2151371807001,68.84
63,67.2151371807001,63.59
68,67.2151371807001,67.27
72,67.2151371807001,71.93
64,67.2151371807001,65.53
68,67.2151371807001,68.62
61,67.2151371807001,63.65
67,67.2151371807001,66.51
68,67.2151371807001,66.53
71,67.2151371807001,70.84
65,67.2151371807001,65.1
74,67.2151371807001,73.81
68,67.2151371807001,68.45
64,67.2151371807001,63.68
64,67.2151371807001,64.48
76,67.2151371807001,76.71
65,67.2151371807001,64.36
67,67.2151371807001,67.21
64,67.2151371807001,64.22
66,67.2151371807001,65.59
68,67.2151371807001,68.74
69,67.2151371807001,70.14
67,67.2151371807001,68.06
61,67.2151371807001,62.61
68,67.2151371807001,67.19
65,67.2151371807001,65.26
72,67.2151371807001,71.7
69,67.2151371807001,69.12
70,67.2151371807001,69.47
65,67.2151371807001,64.61
62,67.2151371807001,63.63
68,67.2151371807001,68.47
70,67.2151371807001,67.93
64,67.2151371807001,63.19
63,67.2151371807001,66.43
72,67.2151371807001,71.27
68,67.2151371807001,67.94
66,67.2151371807001,67.76
72,67.2151371807001,70.97
63,67.2151371807001,62.44
70,67.2151371807001,69.44
67,67.2151371807001,68.22
66,67.2151371807001,66.24
71,67.2151371807001,70.86
70,67.2151371807001,69.18
71,67.2151371807001,70.28
73,67.2151371807001,73.49
64,67.2151371807001,65.19
68,67.2151371807001,68.11
65,67.2151371807001,69.78
70,67.2151371807001,68.3
66,67.2151371807001,66.69
64,67.2151371807001,64.44
64,67.2151371807001,64.58
66,67.2151371807001,66.98
71,67.2151371807001,68.78
66,67.2151371807001,66.54
63,67.2151371807001,63.62
66,67.2151371807001,66.99
67,67.2151371807001,67.44
68,67.2151371807001,67.0
63,67.2151371807001,63.42
66,67.2151371807001,66.34
71,67.2151371807001,71.75
63,67.2151371807001,64.71
71,67.2151371807001,70.67
69,67.2151371807001,68.88
66,67.2151371807001,65.38
69,67.2151371807001,67.97
72,67.2151371807001,70.69
60,67.2151371807001,60.88
72,67.2151371807001,70.98
68,67.2151371807001,68.26
68,67.2151371807001,67.2
70,67.2151371807001,69.79
64,67.2151371807001,63.78
63,67.2151371807001,63.6
69,67.2151371807001,67.3
73,67.2151371807001,71.82
73,67.2151371807001,72.2
65,67.2151371807001,65.15
64,67.2151371807001,65.57
68,67.2151371807001,67.57
71,67.2151371807001,70.84
71,67.2151371807001,71.38
66,67.2151371807001,68.1
72,67.2151371807001,70.55
70,67.2151371807001,68.51
66,67.2151371807001,65.92
67,67.2151371807001,67.5
66,67.2151371807001,67.65
65,67.2151371807001,65.03
72,67.2151371807001,71.36
63,67.2151371807001,65.05
64,67.2151371807001,65.49
65,67.2151371807001,65.75
68,67.2151371807001,67.32
70,67.2151371807001,73.41
66,67.2151371807001,65.45
68,67.2151371807001,68.22
67,67.2151371807001,67.78
68,67.2151371807001,68.55
67,67.2151371807001,67.75
72,67.2151371807001,73.01
71,67.2151371807001,70.92
66,67.2151371807001,66.23
65,67.2151371807001,65.54
66,67.2151371807001,67.35
65,67.2151371807001,65.82
66,67.2151371807001,65.86
69,67.2151371807001,69.58
70,67.2151371807001,69.99
61,67.2151371807001,61.49
72,67.2151371807001,72.03
68,67.2151371807001,68.05
66,67.2151371807001,65.25
66,67.2151371807001,66.1
64,67.2151371807001,63.02
69,67.2151371807001,67.62
70,67.2151371807001,71.54
68,67.2151371807001,68.8
64,67.2151371807001,63.66
62,67.2151371807001,62.47
58,67.2151371807001,59.79
70,67.2151371807001,68.9
70,67.2151371807001,68.58
67,67.2151371807001,67.61
68,67.2151371807001,68.06
67,67.2151371807001,65.75
66,67.2151371807001,66.42
65,67.2151371807001,65.57
70,67.2151371807001,70.53
62,67.2151371807001,61.67
66,67.2151371807001,64.85
87,67.2151371807001,61.57
69,67.2151371807001,67.8
62,67.2151371807001,63.49
71,67.2151371807001,71.39
74,67.2151371807001,73.09
65,67.2151371807001,64.07
71,67.2151371807001,69.07
65,67.2151371807001,65.18
68,67.2151371807001,66.25
68,67.2151371807001,67.64
64,67.2151371807001,66.01
68,67.2151371807001,67.5
71,67.2151371807001,71.63
65,67.2151371807001,64.77
64,67.2151371807001,63.97
72,67.2151371807001,75.39
59,67.2151371807001,61.12
64,67.2151371807001,66.1
64,67.2151371807001,64.4
93,67.2151371807001,67.08
67,67.2151371807001,65.54
70,67.2151371807001,69.07
67,67.2151371807001,67.11
67,67.2151371807001,67.64
68,67.2151371807001,68.35
72,67.2151371807001,70.84
70,67.2151371807001,70.9
63,67.2151371807001,63.84
73,67.2151371807001,72.54
74,67.2151371807001,73.67
66,67.2151371807001,65.35
63,67.2151371807001,63.74
63,67.2151371807001,64.1
61,67.2151371807001,61.63
67,67.2151371807001,66.01
65,67.2151371807001,64.5
63,67.2151371807001,63.21
68,67.2151371807001,68.91
62,67.2151371807001,62.48
68,67.2151371807001,66.57
64,67.2151371807001,64.3
66,67.2151371807001,67.32
65,67.2151371807001,65.5
62,67.2151371807001,64.2
66,67.2151371807001,65.65
66,67.2151371807001,66.0
64,67.2151371807001,65.05
67,67.2151371807001,67.81
66,67.2151371807001,67.33
72,67.2151371807001,70.85
65,67.2151371807001,63.22
66,67.2151371807001,65.6
72,67.2151371807001,72.69
66,67.2151371807001,67.91
74,67.2151371807001,74.47
68,67.2151371807001,69.77
69,67.2151371807001,69.37
68,67.2151371807001,68.18
70,67.2151371807001,72.38
69,67.2151371807001,69.21
73,67.2151371807001,71.12
66,67.2151371807001,66.33
69,67.2151371807001,69.28
68,67.2151371807001,69.42
64,67.2151371807001,67.16
63,67.2151371807001,63.5
65,67.2151371807001,65.73
73,67.2151371807001,72.49
67,67.2151371807001,66.6
70,67.2151371807001,70.19
66,67.2151371807001,67.65
66,67.2151371807001,65.72
64,67.2151371807001,64.07
70,67.2151371807001,70.15
70,67.2151371807001,69.4
68,67.2151371807001,69.83
68,67.2151371807001,67.83
70,67.2151371807001,69.38
71,67.2151371807001,70.71
64,67.2151371807001,65.37
71,67.2151371807001,70.27
67,67.2151371807001,68.51
69,67.2151371807001,68.69
66,67.2151371807001,68.93
64,67.2151371807001,64.28
62,67.2151371807001,62.72
67,67.2151371807001,66.58
65,67.2151371807001,64.41
62,67.2151371807001,61.68
72,67.2151371807001,70.77
72,67.2151371807001,71.6
66,67.2151371807001,68.02
65,67.2151371807001,65.26
70,67.2151371807001,69.13
68,67.2151371807001,68.53
72,67.2151371807001,70.19
63,67.2151371807001,63.94
69,67.2151371807001,67.59
70,67.2151371807001,73.87
65,67.2151371807001,66.73
72,67.2151371807001,70.48
64,67.2151371807001,65.18
67,67.2151371807001,67.12
70,67.2151371807001,71.91
71,67.2151371807001,70.22
69,67.2151371807001,67.98
67,67.2151371807001,67.91
67,67.2151371807001,67.79
70,67.2151371807001,70.87
67,67.2151371807001,66.85
65,67.2151371807001,65.58
62,67.2151371807001,61.41
73,67.2151371807001,72.88
63,67.2151371807001,64.68
72,67.2151371807001,71.01
64,67.2151371807001,65.39
67,67.2151371807001,68.54
67,67.2151371807001,69.35
63,67.2151371807001,63.78
66,67.2151371807001,67.35
63,67.2151371807001,63.4
68,67.2151371807001,67.28
69,67.2151371807001,68.39
69,67.2151371807001,67.18
70,67.2151371807001,69.71
67,67.2151371807001,67.12
67,67.2151371807001,66.02
69,67.2151371807001,68.0
71,67.2151371807001,69.3
68,67.2151371807001,68.84
64,67.2151371807001,65.74
65,67.2151371807001,65.5
66,67.2151371807001,66.11
67,67.2151371807001,66.86
70,67.2151371807001,73.37
72,67.2151371807001,71.84
65,67.2151371807001,66.29
70,67.2151371807001,68.56
61,67.2151371807001,63.18
67,67.2151371807001,68.13
67,67.2151371807001,65.41
71,67.2151371807001,70.91
73,67.2151371807001,72.3
61,67.2151371807001,62.34
66,67.2151371807001,66.72
64,67.2151371807001,63.26
69,67.2151371807001,68.69
68,67.2151371807001,66.96
66,67.2151371807001,66.22
70,67.2151371807001,70.74
70,67.2151371807001,69.11
63,67.2151371807001,62.37
70,67.2151371807001,68.77
66,67.2151371807001,64.38
62,67.2151371807001,63.62
68,67.2151371807001,67.11
73,67.2151371807001,72.69
71,67.2151371807001,70.65
69,67.2151371807001,69.82
68,67.2151371807001,66.3
69,67.2151371807001,66.42
65,67.2151371807001,64.5
65,67.2151371807001,65.38
65,67.2151371807001,67.11
63,67.2151371807001,62.72
65,67.2151371807001,65.98
66,67.2151371807001,67.59
65,67.2151371807001,65.97
68,67.2151371807001,66.67
67,67.2151371807001,66.47
71,67.2151371807001,69.61
68,67.2151371807001,64.9
69,67.2151371807001,71.33
69,67.2151371807001,68.8
66,67.2151371807001,66.6
69,67.2151371807001,70.0
64,67.2151371807001,64.3
66,67.2151371807001,65.16
61,67.2151371807001,61.73
71,67.2151371807001,69.06
64,67.2151371807001,64.39
64,67.2151371807001,64.69
71,67.2151371807001,70.81
68,67.2151371807001,68.93
61,67.2151371807001,61.56
68,67.2151371807001,69.57
63,67.2151371807001,63.65
65,67.2151371807001,64.8
68,67.2151371807001,67.46
65,67.2151371807001,66.58
70,67.2151371807001,70.88
67,67.2151371807001,66.48
69,67.2151371807001,66.63
72,67.2151371807001,72.2
66,67.2151371807001,65.81
63,67.2151371807001,66.66
72,67.2151371807001,71.47
